기준연도,기준월,기준일,평균값,1800년_이후_증가값
1974,5,19,333.37,50.39
1974,5,26,332.95,50.05
1974,6,2,332.35,49.59
1974,6,9,332.2,49.64
1974,6,16,332.37,50.06
1974,6,23,331.73,49.72
1974,6,30,331.69,50.03
1974,7,7,331.46,50.2
1974,7,14,330.83,50.01
1974,7,21,330.76,50.41
1974,7,28,329.81,49.97
1974,8,4,329.85,50.54
1974,8,11,329.15,50.37
1974,8,18,329.06,50.8
1974,8,25,328.33,50.54
1974,9,1,328.06,50.68
1974,9,8,327.56,50.53
1974,9,15,326.72,49.95
1974,9,22,326.99,50.38
1974,9,29,327.31,50.76
1974,10,6,327.07,50.49
1974,10,13,327.23,50.53
1974,10,20,327.4,50.51
1974,10,27,327.64,50.5
1974,11,3,327.8,50.39
1974,11,10,328.5,50.79
1974,11,17,328.61,50.59
1974,11,24,328.46,50.14
1974,12,1,328.8,50.2
1974,12,8,329.39,50.53
1974,12,15,329.78,50.68
1974,12,22,329.96,50.64
1974,12,29,330.38,50.86
1975,1,5,330.49,50.79
1975,1,12,330.59,50.72
1975,1,19,330.79,50.75
1975,1,26,331.24,51.03
1975,2,2,331.64,51.26
1975,2,9,331.11,50.55
1975,2,16,331.42,50.67
1975,2,23,331.96,51.0
1975,3,2,331.77,50.58
1975,3,9,331.64,50.22
1975,3,16,332.11,50.45
1975,3,23,331.9,49.98
1975,3,30,333.3,51.15
1975,4,6,332.78,50.4
1975,4,13,333.16,50.57
1975,4,20,333.28,50.51
1975,4,27,333.48,50.58
1975,5,4,333.94,50.95
1975,5,11,334.25,51.23
1975,5,18,333.46,50.47
1975,5,25,334.0,51.08
1975,6,1,333.96,51.18
1975,6,8,333.19,50.6
1975,6,15,333.23,50.88
1975,6,22,333.5,51.45
1975,6,29,333.0,51.29
1975,7,6,332.32,51.0
1975,7,13,331.83,50.94
1975,7,20,331.37,50.95
1975,7,27,331.22,51.31
1975,8,3,331.01,51.63
1975,8,10,330.38,51.53
1975,8,17,329.48,51.14
1975,8,24,328.73,50.87
1975,8,31,329.32,51.89
1975,9,7,329.42,52.35
1975,9,14,327.94,51.14
1975,9,21,327.95,51.32
1975,9,28,327.97,51.42
1975,10,5,,-999.99
1975,10,12,328.4,51.72
1975,10,19,328.73,51.87
1975,10,26,328.8,51.71
1975,11,2,329.03,51.65
1975,11,9,329.01,51.34
1975,11,16,329.22,51.24
1975,11,23,330.18,51.9
1975,11,30,329.72,51.16
1975,12,7,,-999.99
1975,12,14,,-999.99
1975,12,21,,-999.99
1975,12,28,,-999.99
1976,1,4,331.33,51.63
1976,1,11,331.53,51.66
1976,1,18,331.66,51.62
1976,1,25,331.88,51.67
1976,2,1,332.45,52.07
1976,2,8,332.51,51.95
1976,2,15,332.61,51.86
1976,2,22,333.49,52.53
1976,2,29,332.43,51.25
1976,3,7,332.88,51.51
1976,3,14,333.56,51.94
1976,3,21,334.33,52.46
1976,3,28,334.56,52.45
1976,4,4,335.06,52.71
1976,4,11,333.01,50.45
1976,4,18,334.7,51.96
1976,4,25,335.06,52.18
1976,5,2,334.17,51.2
1976,5,9,334.32,51.31
1976,5,16,335.29,52.28
1976,5,23,335.28,52.34
1976,5,30,334.43,51.62
1976,6,6,334.21,51.57
1976,6,13,334.17,51.77
1976,6,20,334.05,51.92
1976,6,27,,-999.99
1976,7,4,333.6,52.19
1976,7,11,333.48,52.5
1976,7,18,332.43,51.91
1976,7,25,332.24,52.21
1976,8,1,331.69,52.18
1976,8,8,330.7,51.72
1976,8,15,330.44,51.98
1976,8,22,330.23,52.26
1976,8,29,330.43,52.91
1976,9,5,329.53,52.38
1976,9,12,329.54,52.68
1976,9,19,328.61,51.95
1976,9,26,327.65,51.09
1976,10,3,328.54,51.98
1976,10,10,328.55,51.9
1976,10,17,329.28,52.47
1976,10,24,328.82,51.79
1976,10,31,329.4,52.11
1976,11,7,330.44,52.85
1976,11,14,330.17,52.27
1976,11,21,330.55,52.36
1976,11,28,330.68,52.2
1976,12,5,331.19,52.43
1976,12,12,332.38,53.38
1976,12,19,331.7,52.47
1976,12,26,332.38,52.94
1977,1,2,332.39,52.76
1977,1,9,332.5,52.68
1977,1,16,332.88,52.89
1977,1,23,333.02,52.88
1977,1,30,332.98,52.67
1977,2,6,333.23,52.75
1977,2,13,333.15,52.49
1977,2,20,333.18,52.32
1977,2,27,334.35,53.29
1977,3,6,334.3,53.01
1977,3,13,335.19,53.66
1977,3,20,335.32,53.53
1977,3,27,335.18,53.14
1977,4,3,336.01,53.74
1977,4,10,335.85,53.36
1977,4,17,336.31,53.63
1977,4,24,336.59,53.76
1977,5,1,337.0,54.07
1977,5,8,336.58,53.6
1977,5,15,337.1,54.12
1977,5,22,336.99,54.07
1977,5,29,336.63,53.82
1977,6,5,336.2,53.54
1977,6,12,336.01,53.57
1977,6,19,336.34,54.16
1977,6,26,335.74,53.87
1977,7,3,335.46,53.96
1977,7,10,335.24,54.15
1977,7,17,334.6,53.97
1977,7,24,334.1,53.95
1977,7,31,333.42,53.78
1977,8,7,332.54,53.43
1977,8,14,332.84,54.25
1977,8,21,331.82,53.72
1977,8,28,332.25,54.59
1977,9,4,331.18,53.91
1977,9,11,331.48,54.51
1977,9,18,330.92,54.17
1977,9,25,330.93,54.3
1977,10,2,330.94,54.33
1977,10,9,331.54,54.88
1977,10,16,331.27,54.48
1977,10,23,331.37,54.37
1977,10,30,331.88,54.64
1977,11,6,332.08,54.56
1977,11,13,332.53,54.72
1977,11,20,333.11,55.0
1977,11,27,332.65,54.25
1977,12,4,333.34,54.66
1977,12,11,333.4,54.46
1977,12,18,334.03,54.85
1977,12,25,333.97,54.57
1978,1,1,334.65,55.03
1978,1,8,334.56,54.75
1978,1,15,334.94,54.96
1978,1,22,335.68,55.53
1978,1,29,335.22,54.9
1978,2,5,334.74,54.24
1978,2,12,335.3,54.6
1978,2,19,335.5,54.6
1978,2,26,335.95,54.83
1978,3,5,336.06,54.71
1978,3,12,336.73,55.13
1978,3,19,336.91,55.06
1978,3,26,337.29,55.2
1978,4,2,337.33,55.01
1978,4,9,338.0,55.48
1978,4,16,337.62,54.92
1978,4,23,337.87,55.03
1978,4,30,338.27,55.33
1978,5,7,338.03,55.03
1978,5,14,337.89,54.89
1978,5,21,337.79,54.84
1978,5,28,338.44,55.59
1978,6,4,338.46,55.76
1978,6,11,338.12,55.62
1978,6,18,337.62,55.38
1978,6,25,337.47,55.55
1978,7,2,336.69,55.13
1978,7,9,336.79,55.65
1978,7,16,336.34,55.67
1978,7,23,335.86,55.69
1978,7,30,335.42,55.78
1978,8,6,334.66,55.55
1978,8,13,334.69,56.12
1978,8,20,334.2,56.14
1978,8,27,333.78,56.17
1978,9,3,332.82,55.61
1978,9,10,331.85,54.95
1978,9,17,331.75,55.07
1978,9,24,332.79,56.24
1978,10,1,332.22,55.7
1978,10,8,331.91,55.33
1978,10,15,332.67,55.95
1978,10,22,332.8,55.88
1978,10,29,333.22,56.04
1978,11,5,333.57,56.11
1978,11,12,333.61,55.84
1978,11,19,334.12,56.05
1978,11,26,334.15,55.78
1978,12,3,334.46,55.79
1978,12,10,334.96,56.03
1978,12,17,335.26,56.08
1978,12,24,335.07,55.68
1978,12,31,335.2,55.64
1979,1,7,335.48,55.73
1979,1,14,336.64,56.7
1979,1,21,336.93,56.81
1979,1,28,337.01,56.71
1979,2,4,336.6,56.11
1979,2,11,336.52,55.83
1979,2,18,336.78,55.88
1979,2,25,336.9,55.78
1979,3,4,337.93,56.58
1979,3,11,338.1,56.5
1979,3,18,338.65,56.8
1979,3,25,338.97,56.87
1979,4,1,337.89,55.56
1979,4,8,338.76,56.2
1979,4,15,338.76,56.01
1979,4,22,339.38,56.47
1979,4,29,339.52,56.51
1979,5,6,338.61,55.54
1979,5,13,339.19,56.11
1979,5,20,339.41,56.38
1979,5,27,339.67,56.75
1979,6,3,339.74,56.98
1979,6,10,339.01,56.46
1979,6,17,339.15,56.86
1979,6,24,338.93,56.96
1979,7,1,338.14,56.53
1979,7,8,337.7,56.5
1979,7,15,337.91,57.17
1979,7,22,336.67,56.42
1979,7,29,336.85,57.13
1979,8,5,336.35,57.17
1979,8,12,336.17,57.53
1979,8,19,334.81,56.69
1979,8,26,334.99,57.35
1979,9,2,333.74,56.52
1979,9,9,334.4,57.53
1979,9,16,333.6,56.98
1979,9,23,333.61,57.13
1979,9,30,334.11,57.67
1979,10,7,334.52,58.04
1979,10,14,334.09,57.46
1979,10,21,334.35,57.52
1979,10,28,334.54,57.44
1979,11,4,334.8,57.41
1979,11,11,335.36,57.66
1979,11,18,335.79,57.78
1979,11,25,335.88,57.57
1979,12,2,336.4,57.81
1979,12,9,336.72,57.86
1979,12,16,337.01,57.91
1979,12,23,337.2,57.87
1979,12,30,337.53,58.04
1980,1,6,337.4,57.73
1980,1,13,337.71,57.89
1980,1,20,338.65,58.67
1980,1,27,337.89,57.75
1980,2,3,338.47,58.17
1980,2,10,338.19,57.69
1980,2,17,338.35,57.65
1980,2,24,338.91,57.99
1980,3,2,339.43,58.3
1980,3,9,339.83,58.44
1980,3,16,339.66,57.99
1980,3,23,340.84,58.89
1980,3,30,340.63,58.41
1980,4,6,340.81,58.34
1980,4,13,340.98,58.28
1980,4,20,341.14,58.25
1980,4,27,341.35,58.33
1980,5,4,341.39,58.29
1980,5,11,341.71,58.59
1980,5,18,341.34,58.25
1980,5,25,341.32,58.32
1980,6,1,341.64,58.79
1980,6,8,341.62,58.98
1980,6,15,341.5,59.11
1980,6,22,340.76,58.67
1980,6,29,340.49,58.75
1980,7,6,339.95,58.62
1980,7,13,339.3,58.42
1980,7,20,338.77,58.38
1980,7,27,338.81,58.93
1980,8,3,336.78,57.45
1980,8,10,337.99,59.19
1980,8,17,338.36,60.09
1980,8,24,337.2,59.42
1980,8,31,336.9,59.55
1980,9,7,335.96,58.96
1980,9,14,336.43,59.69
1980,9,21,335.71,59.12
1980,9,28,335.77,59.25
1980,10,5,335.72,59.15
1980,10,12,336.11,59.42
1980,10,19,336.51,59.62
1980,10,26,336.69,59.55
1980,11,2,336.9,59.48
1980,11,9,337.49,59.76
1980,11,16,337.22,59.19
1980,11,23,337.65,59.34
1980,11,30,337.8,59.21
1980,12,7,338.09,59.26
1980,12,14,338.52,59.46
1980,12,21,338.39,59.13
1980,12,28,338.61,59.17
1981,1,4,339.12,59.44
1981,1,11,339.25,59.4
1981,1,18,339.55,59.54
1981,1,25,339.67,59.5
1981,2,1,339.89,59.56
1981,2,8,340.7,60.2
1981,2,15,340.18,59.5
1981,2,22,341.34,60.48
1981,3,1,341.23,60.15
1981,3,8,340.97,59.65
1981,3,15,341.61,60.04
1981,3,22,342.49,60.64
1981,3,29,342.29,60.17
1981,4,5,342.62,60.23
1981,4,12,342.96,60.34
1981,4,19,342.54,59.71
1981,4,26,342.68,59.69
1981,5,3,343.07,59.99
1981,5,10,343.05,59.93
1981,5,17,342.95,59.86
1981,5,24,343.0,59.98
1981,5,31,342.87,60.0
1981,6,7,342.83,60.15
1981,6,14,342.41,59.97
1981,6,21,342.18,60.02
1981,6,28,341.72,59.9
1981,7,5,341.3,59.85
1981,7,12,340.54,59.53
1981,7,19,340.72,60.18
1981,7,26,340.21,60.19
1981,8,2,339.32,59.84
1981,8,9,339.0,60.08
1981,8,16,338.42,60.06
1981,8,23,337.19,59.35
1981,8,30,337.6,60.22
1981,9,6,337.1,60.11
1981,9,13,336.92,60.22
1981,9,20,336.84,60.32
1981,9,27,336.14,59.7
1981,10,4,336.64,60.18
1981,10,11,337.08,60.49
1981,10,18,337.22,60.43
1981,10,25,337.63,60.58
1981,11,1,338.13,60.79
1981,11,8,338.29,60.63
1981,11,15,338.45,60.49
1981,11,22,339.23,60.96
1981,11,29,339.72,61.17
1981,12,6,339.7,60.89
1981,12,13,339.78,60.73
1981,12,20,340.03,60.76
1981,12,27,340.42,60.95
1982,1,3,340.57,60.93
1982,1,10,340.75,60.95
1982,1,17,340.79,60.83
1982,1,24,341.63,61.51
1982,1,31,341.75,61.46
1982,2,7,341.57,61.1
1982,2,14,341.6,60.93
1982,2,21,341.95,61.07
1982,2,28,342.69,61.6
1982,3,7,342.46,61.13
1982,3,14,342.71,61.12
1982,3,21,,-999.99
1982,3,28,342.83,60.72
1982,4,4,343.38,61.01
1982,4,11,,-999.99
1982,4,18,,-999.99
1982,4,25,345.11,62.13
1982,5,2,344.38,61.29
1982,5,9,344.91,61.77
1982,5,16,344.78,61.65
1982,5,23,344.97,61.91
1982,5,30,344.22,61.3
1982,6,6,344.07,61.34
1982,6,13,344.18,61.7
1982,6,20,343.51,61.34
1982,6,27,343.34,61.52
1982,7,4,343.02,61.6
1982,7,11,342.35,61.36
1982,7,18,342.19,61.67
1982,7,25,341.86,61.84
1982,8,1,341.16,61.67
1982,8,8,340.7,61.75
1982,8,15,340.58,62.16
1982,8,22,339.46,61.55
1982,8,29,338.97,61.52
1982,9,5,338.83,61.77
1982,9,12,339.09,62.34
1982,9,19,337.35,60.81
1982,9,26,337.62,61.18
1982,10,3,338.02,61.58
1982,10,10,338.06,61.52
1982,10,17,338.31,61.58
1982,10,24,339.3,62.31
1982,10,31,338.9,61.61
1982,11,7,339.13,61.52
1982,11,14,339.43,61.49
1982,11,21,340.17,61.9
1982,11,28,339.7,61.15
1982,12,5,340.44,61.62
1982,12,12,340.69,61.64
1982,12,19,341.24,61.98
1982,12,26,341.31,61.86
1983,1,2,341.58,61.96
1983,1,9,342.07,62.31
1983,1,16,341.32,61.42
1983,1,23,341.62,61.57
1983,1,30,341.97,61.77
1983,2,6,342.66,62.31
1983,2,13,342.94,62.4
1983,2,20,342.91,62.18
1983,2,27,342.59,61.64
1983,3,6,342.51,61.31
1983,3,13,343.61,62.15
1983,3,20,345.18,63.44
1983,3,27,343.92,61.89
1983,4,3,344.89,62.58
1983,4,10,345.2,62.62
1983,4,17,345.72,62.91
1983,4,24,345.93,62.92
1983,5,1,345.78,62.63
1983,5,8,346.05,62.83
1983,5,15,346.43,63.21
1983,5,22,346.18,63.03
1983,5,29,346.06,63.05
1983,6,5,346.23,63.43
1983,6,12,345.85,63.32
1983,6,19,345.52,63.31
1983,6,26,345.12,63.27
1983,7,3,345.17,63.72
1983,7,10,344.12,63.11
1983,7,17,344.27,63.72
1983,7,24,343.72,63.67
1983,7,31,343.1,63.55
1983,8,7,,-999.99
1983,8,14,342.33,63.82
1983,8,21,342.05,64.03
1983,8,28,340.98,63.41
1983,9,4,340.47,63.29
1983,9,11,340.37,63.52
1983,9,18,340.43,63.81
1983,9,25,340.47,63.97
1983,10,2,340.13,63.65
1983,10,9,340.34,63.78
1983,10,16,340.96,64.24
1983,10,23,340.82,63.85
1983,10,30,341.21,63.95
1983,11,6,341.51,63.93
1983,11,13,341.8,63.89
1983,11,20,342.05,63.82
1983,11,27,342.43,63.89
1983,12,4,342.62,63.81
1983,12,11,342.97,63.93
1983,12,18,343.54,64.29
1983,12,25,343.76,64.33
1984,1,1,344.19,64.51
1984,1,8,343.89,64.07
1984,1,15,344.09,64.13
1984,1,22,344.49,64.4
1984,1,29,344.71,64.48
1984,2,5,344.99,64.62
1984,2,12,344.78,64.26
1984,2,19,345.12,64.42
1984,2,26,345.05,64.15
1984,3,4,345.36,64.27
1984,3,11,345.67,64.33
1984,3,18,345.86,64.24
1984,3,25,345.91,63.99
1984,4,1,,-999.99
1984,4,8,,-999.99
1984,4,15,,-999.99
1984,4,22,,-999.99
1984,4,29,347.77,64.63
1984,5,6,347.27,64.04
1984,5,13,348.04,64.81
1984,5,20,347.7,64.54
1984,5,27,347.68,64.65
1984,6,3,347.31,64.49
1984,6,10,347.56,65.0
1984,6,17,347.11,64.85
1984,6,24,346.67,64.76
1984,7,1,346.46,64.93
1984,7,8,346.31,65.19
1984,7,15,345.75,65.08
1984,7,22,345.09,64.9
1984,7,29,344.97,65.28
1984,8,5,344.53,65.36
1984,8,12,344.37,65.72
1984,8,19,343.25,65.1
1984,8,26,342.31,64.65
1984,9,2,341.07,63.83
1984,9,9,341.29,64.41
1984,9,16,342.07,65.44
1984,9,23,341.43,64.95
1984,9,30,341.95,65.51
1984,10,7,341.55,65.04
1984,10,14,342.19,65.53
1984,10,21,342.12,65.23
1984,10,28,342.26,65.08
1984,11,4,342.82,65.31
1984,11,11,343.32,65.47
1984,11,18,343.69,65.51
1984,11,25,343.71,65.22
1984,12,2,344.24,65.47
1984,12,9,344.85,65.82
1984,12,16,345.09,65.84
1984,12,23,345.77,66.33
1984,12,30,345.64,66.05
1985,1,6,345.57,65.81
1985,1,13,345.36,65.46
1985,1,20,345.35,65.3
1985,1,27,345.84,65.65
1985,2,3,346.16,65.84
1985,2,10,346.0,65.55
1985,2,17,346.74,66.14
1985,2,24,346.94,66.18
1985,3,3,347.48,66.52
1985,3,10,347.84,66.65
1985,3,17,348.19,66.74
1985,3,24,348.09,66.36
1985,3,31,348.56,66.53
1985,4,7,348.51,66.18
1985,4,14,348.17,65.56
1985,4,21,349.11,66.25
1985,4,28,349.21,66.15
1985,5,5,349.54,66.37
1985,5,12,349.39,66.17
1985,5,19,349.32,66.14
1985,5,26,348.92,65.85
1985,6,2,349.09,66.21
1985,6,9,349.02,66.39
1985,6,16,348.59,66.25
1985,6,23,348.03,66.02
1985,6,30,347.45,65.82
1985,7,7,347.31,66.08
1985,7,14,347.07,66.28
1985,7,21,346.67,66.34
1985,7,28,345.96,66.12
1985,8,4,345.51,66.18
1985,8,11,344.35,65.54
1985,8,18,344.79,66.49
1985,8,25,344.94,67.13
1985,9,1,344.33,66.95
1985,9,8,343.79,66.77
1985,9,15,343.54,66.79
1985,9,22,342.48,65.89
1985,9,29,342.48,65.96
1985,10,6,343.07,66.5
1985,10,13,343.17,66.47
1985,10,20,343.83,66.91
1985,10,27,343.97,66.78
1985,11,3,343.97,66.48
1985,11,10,344.57,66.76
1985,11,17,345.05,66.93
1985,11,24,345.58,67.16
1985,12,1,345.53,66.84
1985,12,8,346.07,67.12
1985,12,15,346.12,66.95
1985,12,22,346.28,66.9
1985,12,29,346.93,67.3
1986,1,5,346.81,67.01
1986,1,12,346.66,66.71
1986,1,19,346.98,66.9
1986,1,26,346.71,66.52
1986,2,2,347.15,66.85
1986,2,9,347.43,67.0
1986,2,16,347.79,67.24
1986,2,23,347.62,66.91
1986,3,2,347.19,66.29
1986,3,9,347.28,66.15
1986,3,16,348.08,66.69
1986,3,23,349.54,67.86
1986,3,30,349.06,67.07
1986,4,6,349.72,67.42
1986,4,13,349.85,67.27
1986,4,20,350.16,67.33
1986,4,27,350.77,67.76
1986,5,4,350.49,67.36
1986,5,11,350.71,67.54
1986,5,18,350.7,67.56
1986,5,25,350.16,67.13
1986,6,1,350.38,67.53
1986,6,8,350.34,67.71
1986,6,15,350.12,67.77
1986,6,22,349.6,67.56
1986,6,29,349.14,67.46
1986,7,6,348.89,67.61
1986,7,13,347.71,66.85
1986,7,20,347.95,67.56
1986,7,27,347.82,67.93
1986,8,3,346.81,67.44
1986,8,10,346.28,67.44
1986,8,17,345.76,67.44
1986,8,24,345.74,67.9
1986,8,31,345.33,67.93
1986,9,7,345.74,68.7
1986,9,14,346.06,69.29
1986,9,21,344.75,68.15
1986,9,28,345.16,68.61
1986,10,5,344.46,67.87
1986,10,12,344.66,67.94
1986,10,19,344.75,67.83
1986,10,26,345.55,68.36
1986,11,2,345.75,68.27
1986,11,9,346.27,68.48
1986,11,16,346.22,68.12
1986,11,23,346.55,68.15
1986,11,30,347.38,68.7
1986,12,7,347.32,68.37
1986,12,14,347.36,68.16
1986,12,21,347.49,68.07
1986,12,28,347.84,68.23
1987,1,4,348.3,68.45
1987,1,11,349.04,69.01
1987,1,18,348.82,68.63
1987,1,25,348.81,68.47
1987,2,1,348.65,68.17
1987,2,8,348.42,67.82
1987,2,15,349.13,68.4
1987,2,22,349.61,68.74
1987,3,1,349.2,68.17
1987,3,8,349.37,68.15
1987,3,15,350.11,68.67
1987,3,22,350.49,68.8
1987,3,29,351.19,69.22
1987,4,5,350.84,68.59
1987,4,12,351.17,68.65
1987,4,19,351.72,68.96
1987,4,26,351.81,68.85
1987,5,3,352.21,69.13
1987,5,10,352.13,69.0
1987,5,17,352.11,69.0
1987,5,24,352.29,69.29
1987,5,31,352.2,69.37
1987,6,7,351.8,69.21
1987,6,14,351.42,69.11
1987,6,21,351.31,69.33
1987,6,28,350.67,69.05
1987,7,5,350.84,69.62
1987,7,12,349.79,68.99
1987,7,19,350.24,69.89
1987,7,26,349.77,69.91
1987,8,2,348.0,68.65
1987,8,9,348.87,70.04
1987,8,16,348.36,70.04
1987,8,23,347.92,70.08
1987,8,30,346.95,69.56
1987,9,6,346.7,69.68
1987,9,13,346.96,70.21
1987,9,20,345.9,69.34
1987,9,27,346.36,69.86
1987,10,4,346.5,69.96
1987,10,11,346.7,70.03
1987,10,18,347.1,70.22
1987,10,25,347.03,69.88
1987,11,1,347.46,70.02
1987,11,8,347.64,69.88
1987,11,15,348.19,70.12
1987,11,22,348.84,70.47
1987,11,29,348.88,70.22
1987,12,6,348.86,69.94
1987,12,13,349.36,70.18
1987,12,20,349.5,70.09
1987,12,27,349.88,70.26
1988,1,3,350.26,70.47
1988,1,10,350.41,70.43
1988,1,17,350.66,70.51
1988,1,24,350.83,70.51
1988,1,31,351.78,71.32
1988,2,7,351.23,70.61
1988,2,14,351.28,70.51
1988,2,21,352.23,71.3
1988,2,28,353.15,72.04
1988,3,6,352.51,71.22
1988,3,13,352.06,70.55
1988,3,20,351.84,70.08
1988,3,27,353.04,71.0
1988,4,3,353.31,70.99
1988,4,10,353.44,70.85
1988,4,17,353.62,70.78
1988,4,24,354.54,71.51
1988,5,1,354.06,70.89
1988,5,8,354.33,71.09
1988,5,15,354.32,71.11
1988,5,22,354.8,71.69
1988,5,29,354.08,71.14
1988,6,5,354.43,71.74
1988,6,12,353.86,71.47
1988,6,19,353.46,71.42
1988,6,26,353.43,71.77
1988,7,3,352.95,71.7
1988,7,10,353.11,72.29
1988,7,17,353.02,72.66
1988,7,24,352.1,72.23
1988,7,31,350.98,71.6
1988,8,7,350.91,72.04
1988,8,14,350.23,71.87
1988,8,21,350.26,72.38
1988,8,28,349.61,72.17
1988,9,4,348.92,71.85
1988,9,11,349.2,72.44
1988,9,18,348.9,72.33
1988,9,25,348.85,72.37
1988,10,2,349.2,72.71
1988,10,9,348.95,72.35
1988,10,16,349.54,72.76
1988,10,23,349.69,72.66
1988,10,30,350.02,72.69
1988,11,6,350.1,72.46
1988,11,13,350.38,72.43
1988,11,20,350.78,72.53
1988,11,27,350.83,72.28
1988,12,4,351.12,72.3
1988,12,11,351.65,72.59
1988,12,18,351.78,72.49
1988,12,25,352.27,72.77
1989,1,1,352.67,72.93
1989,1,8,353.29,73.34
1989,1,15,353.17,73.04
1989,1,22,352.82,72.52
1989,1,29,353.47,73.03
1989,2,5,352.96,72.38
1989,2,12,353.48,72.77
1989,2,19,353.76,72.91
1989,2,26,353.91,72.9
1989,3,5,353.77,72.57
1989,3,12,353.71,72.3
1989,3,19,354.19,72.53
1989,3,26,354.85,72.91
1989,4,2,354.81,72.58
1989,4,9,355.51,72.99
1989,4,16,356.15,73.37
1989,4,23,356.39,73.39
1989,4,30,355.83,72.67
1989,5,7,355.67,72.42
1989,5,14,356.18,72.93
1989,5,21,356.06,72.88
1989,5,28,356.21,73.19
1989,6,4,355.64,72.84
1989,6,11,355.53,73.01
1989,6,18,355.05,72.87
1989,6,25,355.08,73.27
1989,7,2,354.77,73.38
1989,7,9,354.48,73.53
1989,7,16,353.62,73.16
1989,7,23,353.33,73.36
1989,7,30,353.3,73.85
1989,8,6,352.69,73.76
1989,8,13,352.01,73.61
1989,8,20,350.74,72.83
1989,8,27,350.8,73.34
1989,9,3,351.03,73.95
1989,9,10,349.44,72.65
1989,9,17,349.63,73.05
1989,9,24,349.98,73.49
1989,10,1,350.49,73.99
1989,10,8,349.94,73.35
1989,10,15,350.41,73.65
1989,10,22,350.78,73.79
1989,10,29,350.52,73.26
1989,11,5,351.39,73.84
1989,11,12,351.71,73.86
1989,11,19,351.9,73.75
1989,11,26,352.11,73.67
1989,12,3,352.36,73.64
1989,12,10,353.14,74.15
1989,12,17,352.95,73.71
1989,12,24,353.03,73.54
1989,12,31,353.73,73.99
1990,1,7,353.59,73.66
1990,1,14,353.99,73.89
1990,1,21,353.92,73.65
1990,1,28,354.39,73.97
1990,2,4,355.04,74.47
1990,2,11,355.09,74.37
1990,2,18,355.42,74.56
1990,2,25,355.18,74.15
1990,3,4,355.59,74.38
1990,3,11,355.79,74.38
1990,3,18,355.54,73.9
1990,3,25,356.13,74.24
1990,4,1,356.27,74.11
1990,4,8,356.17,73.74
1990,4,15,356.23,73.54
1990,4,22,356.87,73.96
1990,4,29,356.96,73.88
1990,5,6,357.7,74.51
1990,5,13,357.25,74.03
1990,5,20,357.33,74.15
1990,5,27,357.38,74.33
1990,6,3,356.98,74.14
1990,6,10,356.25,73.68
1990,6,17,356.18,73.94
1990,6,24,355.79,73.93
1990,7,1,356.22,74.78
1990,7,8,354.99,74.01
1990,7,15,354.29,73.79
1990,7,22,354.37,74.37
1990,7,29,353.99,74.51
1990,8,5,353.17,74.21
1990,8,12,353.46,75.02
1990,8,19,353.08,75.13
1990,8,26,351.8,74.3
1990,9,2,351.16,74.04
1990,9,9,350.86,74.06
1990,9,16,351.75,75.16
1990,9,23,351.46,74.99
1990,9,30,351.4,74.94
1990,10,7,351.54,75.0
1990,10,14,351.57,74.85
1990,10,21,351.73,74.77
1990,10,28,352.4,75.15
1990,11,4,352.71,75.16
1990,11,11,353.14,75.27
1990,11,18,353.45,75.26
1990,11,25,353.69,75.19
1990,12,2,353.9,75.13
1990,12,9,354.47,75.44
1990,12,16,354.34,75.07
1990,12,23,354.83,75.34
1990,12,30,354.8,75.1
1991,1,6,354.59,74.72
1991,1,13,355.02,74.99
1991,1,20,354.94,74.75
1991,1,27,355.6,75.26
1991,2,3,355.33,74.83
1991,2,10,355.89,75.23
1991,2,17,356.55,75.72
1991,2,24,355.84,74.83
1991,3,3,357.19,75.99
1991,3,10,357.77,76.35
1991,3,17,357.27,75.61
1991,3,24,357.49,75.58
1991,3,31,358.46,76.28
1991,4,7,358.07,75.63
1991,4,14,358.75,76.06
1991,4,21,359.36,76.46
1991,4,28,359.29,76.23
1991,5,5,358.97,75.8
1991,5,12,359.45,76.25
1991,5,19,359.76,76.61
1991,5,26,358.84,75.8
1991,6,2,358.38,75.54
1991,6,9,358.55,75.98
1991,6,16,358.17,75.91
1991,6,23,357.9,76.01
1991,6,30,357.32,75.84
1991,7,7,356.77,75.74
1991,7,14,356.23,75.68
1991,7,21,355.26,75.2
1991,7,28,355.55,76.01
1991,8,4,354.59,75.58
1991,8,11,354.4,75.9
1991,8,18,353.22,75.22
1991,8,25,353.11,75.56
1991,9,1,353.13,75.99
1991,9,8,352.6,75.78
1991,9,15,351.95,75.36
1991,9,22,351.96,75.5
1991,9,29,351.73,75.29
1991,10,6,352.14,75.62
1991,10,13,352.6,75.91
1991,10,20,352.77,75.84
1991,10,27,353.02,75.79
1991,11,3,353.84,76.29
1991,11,10,353.8,75.92
1991,11,17,353.92,75.71
1991,11,24,354.19,75.68
1991,12,1,354.66,75.86
1991,12,8,354.99,75.94
1991,12,15,355.23,75.95
1991,12,22,355.59,76.11
1991,12,29,356.55,76.87
1992,1,5,356.2,76.32
1992,1,12,356.34,76.29
1992,1,19,356.39,76.18
1992,1,26,356.18,75.82
1992,2,2,356.98,76.46
1992,2,9,357.23,76.55
1992,2,16,357.39,76.53
1992,2,23,357.36,76.31
1992,3,1,356.72,75.49
1992,3,8,357.98,76.53
1992,3,15,358.41,76.72
1992,3,22,358.88,76.93
1992,3,29,358.08,75.86
1992,4,5,359.27,76.79
1992,4,12,359.27,76.55
1992,4,19,359.77,76.83
1992,4,26,359.38,76.28
1992,5,3,359.81,76.6
1992,5,10,359.06,75.81
1992,5,17,359.26,76.04
1992,5,24,360.52,77.41
1992,5,31,360.57,77.64
1992,6,7,359.87,77.2
1992,6,14,358.98,76.63
1992,6,21,358.75,76.76
1992,6,28,358.87,77.31
1992,7,5,357.78,76.67
1992,7,12,357.03,76.41
1992,7,19,356.62,76.51
1992,7,26,355.71,76.12
1992,8,2,355.23,76.16
1992,8,9,355.73,77.18
1992,8,16,355.44,77.39
1992,8,23,354.44,76.85
1992,8,30,353.0,75.81
1992,9,6,354.18,77.33
1992,9,13,352.96,76.35
1992,9,20,352.49,76.03
1992,9,27,352.94,76.53
1992,10,4,353.32,76.86
1992,10,11,353.67,77.07
1992,10,18,353.28,76.47
1992,10,25,353.26,76.18
1992,11,1,354.35,76.96
1992,11,8,354.04,76.33
1992,11,15,354.25,76.21
1992,11,22,354.82,76.45
1992,11,29,354.94,76.27
1992,12,6,355.39,76.44
1992,12,13,355.55,76.36
1992,12,20,356.11,76.69
1992,12,27,356.4,76.77
1993,1,3,357.05,77.28
1993,1,10,357.32,77.37
1993,1,17,356.96,76.82
1993,1,24,357.15,76.83
1993,1,31,357.38,76.87
1993,2,7,357.09,76.39
1993,2,14,357.27,76.36
1993,2,21,357.9,76.79
1993,2,28,358.68,77.36
1993,3,7,358.43,76.89
1993,3,14,358.79,77.03
1993,3,21,357.95,75.97
1993,3,28,359.31,77.1
1993,4,4,358.95,76.52
1993,4,11,359.22,76.57
1993,4,18,359.74,76.9
1993,4,25,359.87,76.86
1993,5,2,359.59,76.46
1993,5,9,360.23,77.04
1993,5,16,360.66,77.46
1993,5,23,360.87,77.74
1993,5,30,360.11,77.12
1993,6,6,359.89,77.13
1993,6,13,359.77,77.31
1993,6,20,359.3,77.19
1993,6,27,358.81,77.11
1993,7,4,357.84,76.61
1993,7,11,357.84,77.1
1993,7,18,357.22,76.99
1993,7,25,356.65,76.95
1993,8,1,356.55,77.39
1993,8,8,355.89,77.24
1993,8,15,355.52,77.37
1993,8,22,354.94,77.25
1993,8,29,354.91,77.63
1993,9,5,354.29,77.36
1993,9,12,353.95,77.29
1993,9,19,354.1,77.63
1993,9,26,354.27,77.89
1993,10,3,354.17,77.77
1993,10,10,353.99,77.49
1993,10,17,354.46,77.77
1993,10,24,354.45,77.51
1993,10,31,354.74,77.5
1993,11,7,355.12,77.55
1993,11,14,355.73,77.82
1993,11,21,356.1,77.85
1993,11,28,356.25,77.68
1993,12,5,356.64,77.78
1993,12,12,356.72,77.61
1993,12,19,357.64,78.29
1993,12,26,357.59,78.04
1994,1,2,358.23,78.42
1994,1,9,358.24,78.25
1994,1,16,358.52,78.37
1994,1,23,358.36,78.04
1994,1,30,358.39,77.91
1994,2,6,359.04,78.38
1994,2,13,358.76,77.92
1994,2,20,359.52,78.48
1994,2,27,359.0,77.75
1994,3,6,359.46,77.99
1994,3,13,360.59,78.87
1994,3,20,360.73,78.77
1994,3,27,360.94,78.72
1994,4,3,361.22,78.75
1994,4,10,361.14,78.44
1994,4,17,361.43,78.52
1994,4,24,361.95,78.88
1994,5,1,362.12,78.93
1994,5,8,361.51,78.28
1994,5,15,361.83,78.61
1994,5,22,361.64,78.5
1994,5,29,361.54,78.55
1994,6,5,361.02,78.26
1994,6,12,361.03,78.55
1994,6,19,360.95,78.81
1994,6,26,360.16,78.41
1994,7,3,360.09,78.78
1994,7,10,359.77,78.94
1994,7,17,359.34,79.01
1994,7,24,358.96,79.16
1994,7,31,358.6,79.34
1994,8,7,358.0,79.28
1994,8,14,357.82,79.62
1994,8,21,356.99,79.27
1994,8,28,356.32,79.04
1994,9,4,356.61,79.71
1994,9,11,355.39,78.78
1994,9,18,355.81,79.39
1994,9,25,355.48,79.16
1994,10,2,355.83,79.52
1994,10,9,355.99,79.58
1994,10,16,356.27,79.67
1994,10,23,356.69,79.84
1994,10,30,356.81,79.66
1994,11,6,357.1,79.6
1994,11,13,358.27,80.42
1994,11,20,357.77,79.57
1994,11,27,358.19,79.65
1994,12,4,358.86,80.02
1994,12,11,359.5,80.37
1994,12,18,358.94,79.57
1994,12,25,359.47,79.88
1995,1,1,359.82,80.01
1995,1,8,359.66,79.67
1995,1,15,360.49,80.35
1995,1,22,360.15,79.85
1995,1,29,360.27,79.82
1995,2,5,360.88,80.28
1995,2,12,361.18,80.42
1995,2,19,361.16,80.21
1995,2,26,361.82,80.67
1995,3,5,361.92,80.55
1995,3,12,361.25,79.64
1995,3,19,361.91,80.06
1995,3,26,362.99,80.88
1995,4,2,363.9,81.55
1995,4,9,362.96,80.37
1995,4,16,363.16,80.37
1995,4,23,363.63,80.67
1995,4,30,362.96,79.88
1995,5,7,364.0,80.86
1995,5,14,364.55,81.42
1995,5,21,363.82,80.75
1995,5,28,363.83,80.89
1995,6,4,363.93,81.18
1995,6,11,363.19,80.69
1995,6,18,363.05,80.86
1995,6,25,362.57,80.74
1995,7,2,362.44,81.02
1995,7,9,362.24,81.26
1995,7,16,361.57,81.08
1995,7,23,361.12,81.15
1995,7,30,360.28,80.83
1995,8,6,359.9,80.99
1995,8,13,358.89,80.51
1995,8,20,358.79,80.91
1995,8,27,358.26,80.84
1995,9,3,358.46,81.43
1995,9,10,358.72,82.01
1995,9,17,358.91,82.42
1995,9,24,357.76,81.38
1995,10,1,357.95,81.6
1995,10,8,357.87,81.44
1995,10,15,358.14,81.54
1995,10,22,358.37,81.53
1995,10,29,358.99,81.85
1995,11,5,359.23,81.77
1995,11,12,359.71,81.89
1995,11,19,359.94,81.78
1995,11,26,359.97,81.47
1995,12,3,360.36,81.54
1995,12,10,360.69,81.59
1995,12,17,360.77,81.41
1995,12,24,361.54,81.95
1995,12,31,361.98,82.13
1996,1,7,362.33,82.26
1996,1,14,362.04,81.79
1996,1,21,362.33,81.93
1996,1,28,362.54,82.0
1996,2,4,363.04,82.36
1996,2,11,363.15,82.33
1996,2,18,363.69,82.7
1996,2,25,364.06,82.87
1996,3,3,364.1,82.74
1996,3,10,363.82,82.21
1996,3,17,364.58,82.72
1996,3,24,364.61,82.48
1996,3,31,364.38,82.0
1996,4,7,364.73,82.12
1996,4,14,364.83,82.02
1996,4,21,364.65,81.69
1996,4,28,365.15,82.1
1996,5,5,364.82,81.75
1996,5,12,365.6,82.56
1996,5,19,365.4,82.45
1996,5,26,365.17,82.36
1996,6,2,365.1,82.47
1996,6,9,365.42,83.01
1996,6,16,365.21,83.06
1996,6,23,364.64,82.79
1996,6,30,364.56,83.06
1996,7,7,363.95,82.85
1996,7,14,363.64,83.0
1996,7,21,363.26,83.11
1996,7,28,362.25,82.64
1996,8,4,362.16,83.1
1996,8,11,361.92,83.43
1996,8,18,361.15,83.2
1996,8,25,361.0,83.55
1996,9,1,360.23,83.2
1996,9,8,360.08,83.4
1996,9,15,359.15,82.7
1996,9,22,359.37,83.04
1996,9,29,359.43,83.12
1996,10,6,359.58,83.19
1996,10,13,359.9,83.33
1996,10,20,359.66,82.86
1996,10,27,360.13,83.04
1996,11,3,360.42,83.01
1996,11,10,361.0,83.27
1996,11,17,361.52,83.44
1996,11,24,361.4,82.99
1996,12,1,361.78,83.05
1996,12,8,362.38,83.36
1996,12,15,362.63,83.33
1996,12,22,362.47,82.92
1996,12,29,362.92,83.11
1997,1,5,363.11,83.11
1997,1,12,363.12,82.96
1997,1,19,363.65,83.34
1997,1,26,363.34,82.89
1997,2,2,363.69,83.12
1997,2,9,364.43,83.72
1997,2,16,363.78,82.92
1997,2,23,364.96,83.91
1997,3,2,364.01,82.75
1997,3,9,364.3,82.8
1997,3,16,364.77,83.01
1997,3,23,365.33,83.29
1997,3,30,365.88,83.58
1997,4,6,366.1,83.56
1997,4,13,366.63,83.9
1997,4,20,366.84,83.97
1997,4,27,366.75,83.79
1997,5,4,366.6,83.62
1997,5,11,366.96,84.02
1997,5,18,367.15,84.29
1997,5,25,366.36,83.63
1997,6,1,366.21,83.64
1997,6,8,365.89,83.53
1997,6,15,365.5,83.36
1997,6,22,365.36,83.5
1997,6,29,365.25,83.7
1997,7,6,364.93,83.74
1997,7,13,364.62,83.85
1997,7,20,363.76,83.46
1997,7,27,363.73,83.96
1997,8,3,363.33,84.12
1997,8,10,362.78,84.14
1997,8,17,361.33,83.25
1997,8,24,361.69,84.12
1997,8,31,361.59,84.47
1997,9,7,360.23,83.45
1997,9,14,360.48,83.95
1997,9,21,360.03,83.63
1997,9,28,360.14,83.77
1997,10,5,360.68,84.23
1997,10,12,360.87,84.25
1997,10,19,361.17,84.32
1997,10,26,361.45,84.31
1997,11,2,362.21,84.76
1997,11,9,362.29,84.52
1997,11,16,362.68,84.58
1997,11,23,363.42,84.99
1997,11,30,364.11,85.37
1997,12,7,364.19,85.16
1997,12,14,364.45,85.14
1997,12,21,364.87,85.31
1997,12,28,365.15,85.37
1998,1,4,365.43,85.45
1998,1,11,365.43,85.28
1998,1,18,365.22,84.91
1998,1,25,365.5,85.05
1998,2,1,366.09,85.5
1998,2,8,365.74,85.01
1998,2,15,365.8,84.91
1998,2,22,366.79,85.74
1998,3,1,367.24,85.98
1998,3,8,366.79,85.31
1998,3,15,366.96,85.24
1998,3,22,367.9,85.94
1998,3,29,368.95,86.74
1998,4,5,368.47,86.04
1998,4,12,368.61,85.98
1998,4,19,368.48,85.7
1998,4,26,369.69,86.8
1998,5,3,369.86,86.92
1998,5,10,368.45,85.52
1998,5,17,369.72,86.85
1998,5,24,370.08,87.32
1998,5,31,369.74,87.13
1998,6,7,369.27,86.85
1998,6,14,368.94,86.76
1998,6,21,368.91,87.0
1998,6,28,368.34,86.76
1998,7,5,368.58,87.37
1998,7,12,367.89,87.11
1998,7,19,368.06,87.75
1998,7,26,367.25,87.46
1998,8,2,367.05,87.81
1998,8,9,366.38,87.69
1998,8,16,365.69,87.54
1998,8,23,365.49,87.84
1998,8,30,364.89,87.68
1998,9,6,364.45,87.6
1998,9,13,363.79,87.19
1998,9,20,363.65,87.2
1998,9,27,364.19,87.79
1998,10,4,364.24,87.77
1998,10,11,364.44,87.82
1998,10,18,364.67,87.83
1998,10,25,364.94,87.82
1998,11,1,365.08,87.66
1998,11,8,365.54,87.78
1998,11,15,366.1,88.02
1998,11,22,365.97,87.56
1998,11,29,366.74,88.02
1998,12,6,366.97,87.96
1998,12,13,367.32,88.03
1998,12,20,367.44,87.91
1998,12,27,367.79,88.04
1999,1,3,367.97,87.97
1999,1,10,368.27,88.11
1999,1,17,367.97,87.67
1999,1,24,369.26,88.83
1999,1,31,369.43,88.86
1999,2,7,369.27,88.57
1999,2,14,368.79,87.94
1999,2,21,369.24,88.23
1999,2,28,368.19,86.99
1999,3,7,369.39,87.98
1999,3,14,370.34,88.7
1999,3,21,370.73,88.85
1999,3,28,370.83,88.72
1999,4,4,371.89,89.56
1999,4,11,371.67,89.15
1999,4,18,370.45,87.77
1999,4,25,370.77,87.97
1999,5,2,371.69,88.83
1999,5,9,371.24,88.37
1999,5,16,370.74,87.92
1999,5,23,370.88,88.15
1999,5,30,370.88,88.28
1999,6,6,370.55,88.13
1999,6,13,370.58,88.38
1999,6,20,370.05,88.11
1999,6,27,369.94,88.31
1999,7,4,370.21,88.95
1999,7,11,370.29,89.43
1999,7,18,369.25,88.85
1999,7,25,368.43,88.54
1999,8,1,367.85,88.5
1999,8,8,367.51,88.71
1999,8,15,366.75,88.5
1999,8,22,366.42,88.68
1999,8,29,365.32,88.04
1999,9,5,364.48,87.57
1999,9,12,365.31,88.68
1999,9,19,365.2,88.74
1999,9,26,364.82,88.42
1999,10,3,365.3,88.85
1999,10,10,365.34,88.75
1999,10,17,365.75,88.94
1999,10,24,365.8,88.71
1999,10,31,366.13,88.72
1999,11,7,366.8,89.05
1999,11,14,366.91,88.81
1999,11,21,367.24,88.8
1999,11,28,367.6,88.84
1999,12,5,368.03,88.98
1999,12,12,368.05,88.72
1999,12,19,368.43,88.86
1999,12,26,368.89,89.11
2000,1,2,368.89,88.88
2000,1,9,369.03,88.86
2000,1,16,370.19,89.9
2000,1,23,370.24,89.83
2000,1,30,369.41,88.89
2000,2,6,369.77,89.13
2000,2,13,370.14,89.38
2000,2,20,369.52,88.61
2000,2,27,370.27,89.18
2000,3,5,370.24,88.97
2000,3,12,370.8,89.31
2000,3,19,371.05,89.3
2000,3,26,371.29,89.29
2000,4,2,371.23,88.97
2000,4,9,372.17,89.69
2000,4,16,372.5,89.82
2000,4,23,372.08,89.26
2000,4,30,371.07,88.16
2000,5,7,372.04,89.11
2000,5,14,371.67,88.77
2000,5,21,372.24,89.42
2000,5,28,372.04,89.35
2000,6,4,372.08,89.57
2000,6,11,371.83,89.54
2000,6,18,371.95,89.93
2000,6,25,371.41,89.69
2000,7,2,370.38,89.03
2000,7,9,370.31,89.37
2000,7,16,370.1,89.62
2000,7,23,369.35,89.37
2000,7,30,369.08,89.64
2000,8,6,368.62,89.74
2000,8,13,368.4,90.06
2000,8,20,367.68,89.86
2000,8,27,367.7,90.35
2000,9,3,367.32,90.35
2000,9,10,367.33,90.64
2000,9,17,366.86,90.36
2000,9,24,366.86,90.42
2000,10,1,366.78,90.31
2000,10,8,366.88,90.28
2000,10,15,367.13,90.33
2000,10,22,367.62,90.55
2000,10,29,368.0,90.62
2000,11,5,368.2,90.49
2000,11,12,368.75,90.71
2000,11,19,368.64,90.26
2000,11,26,368.86,90.16
2000,12,3,369.84,90.84
2000,12,10,369.83,90.55
2000,12,17,369.81,90.28
2000,12,24,370.02,90.27
2000,12,31,370.34,90.45
2001,1,7,370.46,90.41
2001,1,14,370.84,90.64
2001,1,21,370.69,90.35
2001,1,28,371.53,91.07
2001,2,4,371.76,91.16
2001,2,11,372.14,91.41
2001,2,18,371.66,90.78
2001,2,25,371.9,90.85
2001,3,4,372.37,91.12
2001,3,11,372.67,91.19
2001,3,18,372.72,91.0
2001,3,25,372.58,90.61
2001,4,1,372.63,90.42
2001,4,8,373.79,91.35
2001,4,15,373.9,91.25
2001,4,22,373.79,90.99
2001,4,29,373.73,90.82
2001,5,6,374.12,91.15
2001,5,13,373.88,90.92
2001,5,20,374.09,91.19
2001,5,27,374.07,91.29
2001,6,3,373.65,91.04
2001,6,10,373.23,90.84
2001,6,17,373.3,91.18
2001,6,24,373.2,91.4
2001,7,1,372.66,91.24
2001,7,8,371.51,90.51
2001,7,15,371.48,90.94
2001,7,22,371.04,91.02
2001,7,29,371.06,91.57
2001,8,5,370.09,91.14
2001,8,12,369.36,90.95
2001,8,19,369.48,91.58
2001,8,26,369.45,92.01
2001,9,2,368.5,91.44
2001,9,9,368.72,91.95
2001,9,16,368.21,91.64
2001,9,23,367.97,91.49
2001,9,30,368.21,91.72
2001,10,7,368.46,91.87
2001,10,14,368.33,91.56
2001,10,21,368.87,91.86
2001,10,28,369.29,91.99
2001,11,4,369.29,91.66
2001,11,11,370.01,92.06
2001,11,18,370.39,92.11
2001,11,25,370.61,92.01
2001,12,2,370.96,92.06
2001,12,9,371.4,92.22
2001,12,16,371.44,92.0
2001,12,23,371.87,92.21
2001,12,30,372.38,92.54
2002,1,6,372.38,92.33
2002,1,13,372.91,92.67
2002,1,20,372.75,92.35
2002,1,27,372.99,92.42
2002,2,3,373.13,92.41
2002,2,10,373.18,92.31
2002,2,17,373.26,92.23
2002,2,24,373.91,92.72
2002,3,3,374.06,92.68
2002,3,10,374.31,92.72
2002,3,17,374.81,93.01
2002,3,24,374.45,92.42
2002,3,31,374.43,92.17
2002,4,7,374.7,92.22
2002,4,14,375.4,92.73
2002,4,21,375.59,92.75
2002,4,28,376.23,93.28
2002,5,5,375.76,92.76
2002,5,12,375.23,92.23
2002,5,19,376.1,93.15
2002,5,26,376.41,93.58
2002,6,2,376.07,93.41
2002,6,9,375.62,93.18
2002,6,16,375.4,93.23
2002,6,23,375.66,93.81
2002,6,30,374.99,93.52
2002,7,7,374.63,93.59
2002,7,14,374.09,93.52
2002,7,21,373.51,93.44
2002,7,28,373.49,93.97
2002,8,4,372.75,93.78
2002,8,11,371.98,93.56
2002,8,18,371.5,93.6
2002,8,25,371.11,93.68
2002,9,1,370.43,93.4
2002,9,8,371.81,95.09
2002,9,15,371.01,94.5
2002,9,22,370.67,94.28
2002,9,29,370.05,93.66
2002,10,6,370.08,93.6
2002,10,13,371.41,94.76
2002,10,20,370.87,93.98
2002,10,27,371.24,94.06
2002,11,3,372.14,94.66
2002,11,10,372.04,94.23
2002,11,17,372.91,94.77
2002,11,24,372.94,94.49
2002,12,1,373.23,94.46
2002,12,8,373.77,94.72
2002,12,15,373.76,94.43
2002,12,22,374.66,95.08
2002,12,29,374.88,95.07
2003,1,5,374.73,94.71
2003,1,12,375.21,94.98
2003,1,19,375.11,94.7
2003,1,26,375.48,94.91
2003,2,2,375.35,94.62
2003,2,9,375.3,94.42
2003,2,16,376.57,95.55
2003,2,23,376.2,95.03
2003,3,2,376.49,95.15
2003,3,9,376.55,95.03
2003,3,16,376.15,94.42
2003,3,23,377.18,95.24
2003,3,30,377.03,94.85
2003,4,6,377.32,94.91
2003,4,13,377.98,95.34
2003,4,20,378.54,95.71
2003,4,27,378.81,95.82
2003,5,4,378.25,95.17
2003,5,11,378.25,95.13
2003,5,18,379.62,96.54
2003,5,25,378.91,95.94
2003,6,1,378.59,95.81
2003,6,8,378.68,96.14
2003,6,15,378.3,96.07
2003,6,22,378.49,96.62
2003,6,29,377.75,96.29
2003,7,6,376.74,95.71
2003,7,13,377.41,96.86
2003,7,20,376.57,96.52
2003,7,27,376.08,96.55
2003,8,3,375.12,96.12
2003,8,10,374.9,96.42
2003,8,17,374.06,96.08
2003,8,24,373.61,96.08
2003,8,31,373.37,96.25
2003,9,7,373.3,96.5
2003,9,14,373.05,96.48
2003,9,21,373.51,97.08
2003,9,28,373.45,97.05
2003,10,5,373.09,96.63
2003,10,12,372.95,96.36
2003,10,19,373.6,96.79
2003,10,26,373.57,96.48
2003,11,2,374.13,96.74
2003,11,9,374.7,96.97
2003,11,16,375.06,97.01
2003,11,23,375.45,97.07
2003,11,30,375.49,96.79
2003,12,7,375.95,96.96
2003,12,14,376.51,97.23
2003,12,21,376.31,96.77
2003,12,28,376.53,96.75
2004,1,4,376.51,96.53
2004,1,11,377.13,96.94
2004,1,18,377.28,96.91
2004,1,25,378.13,97.59
2004,2,1,378.06,97.35
2004,2,8,378.61,97.75
2004,2,15,377.67,96.67
2004,2,22,377.79,96.63
2004,2,29,378.46,97.12
2004,3,7,379.14,97.64
2004,3,14,379.4,97.7
2004,3,21,378.67,96.74
2004,3,28,379.9,97.72
2004,4,4,380.2,97.78
2004,4,11,380.92,98.25
2004,4,18,380.56,97.69
2004,4,25,380.82,97.77
2004,5,2,380.9,97.73
2004,5,9,380.89,97.67
2004,5,16,380.43,97.24
2004,5,23,381.25,98.16
2004,5,30,380.11,97.21
2004,6,6,380.27,97.62
2004,6,13,380.34,97.99
2004,6,20,379.55,97.57
2004,6,27,379.32,97.75
2004,7,4,378.5,97.38
2004,7,11,378.07,97.43
2004,7,18,376.92,96.78
2004,7,25,376.59,96.96
2004,8,1,376.91,97.81
2004,8,8,376.41,97.84
2004,8,15,375.95,97.88
2004,8,22,376.26,98.67
2004,8,29,374.17,96.99
2004,9,5,374.62,97.79
2004,9,12,374.23,97.65
2004,9,19,374.57,98.17
2004,9,26,374.48,98.13
2004,10,3,374.16,97.78
2004,10,10,374.4,97.88
2004,10,17,374.74,98.02
2004,10,24,375.13,98.15
2004,10,31,375.48,98.19
2004,11,7,375.63,98.01
2004,11,14,376.98,99.02
2004,11,21,376.9,98.61
2004,11,28,376.99,98.39
2004,12,5,377.72,98.82
2004,12,12,377.4,98.23
2004,12,19,377.95,98.52
2004,12,26,377.99,98.32
2005,1,2,378.36,98.43
2005,1,9,378.61,98.47
2005,1,16,378.52,98.19
2005,1,23,378.8,98.31
2005,1,30,379.59,98.95
2005,2,6,379.4,98.63
2005,2,13,380.1,99.21
2005,2,20,380.06,99.04
2005,2,27,381.54,100.39
2005,3,6,380.24,98.92
2005,3,13,381.46,99.96
2005,3,20,380.4,98.67
2005,3,27,381.95,99.98
2005,4,3,382.49,100.25
2005,4,10,382.28,99.78
2005,4,17,382.35,99.6
2005,4,24,382.76,99.8
2005,5,1,382.13,99.02
2005,5,8,382.15,98.95
2005,5,15,382.82,99.61
2005,5,22,383.2,100.07
2005,5,29,382.98,100.01
2005,6,5,382.82,100.07
2005,6,12,382.6,100.14
2005,6,19,382.13,100.03
2005,6,26,381.56,99.85
2005,7,3,381.28,100.02
2005,7,10,381.05,100.25
2005,7,17,380.95,100.65
2005,7,24,380.34,100.57
2005,7,31,380.03,100.79
2005,8,7,379.1,100.39
2005,8,14,379.02,100.83
2005,8,21,378.18,100.47
2005,8,28,378.14,100.86
2005,9,4,377.55,100.62
2005,9,11,376.41,99.75
2005,9,18,376.53,100.04
2005,9,25,376.64,100.22
2005,10,2,376.83,100.39
2005,10,9,377.1,100.54
2005,10,16,,-999.99
2005,10,23,377.7,100.7
2005,10,30,378.0,100.72
2005,11,6,378.14,100.55
2005,11,13,379.05,101.14
2005,11,20,378.68,100.45
2005,11,27,379.22,100.68
2005,12,4,380.12,101.29
2005,12,11,380.37,101.25
2005,12,18,380.44,101.04
2005,12,25,380.69,101.04
2006,1,1,381.46,101.59
2006,1,8,381.4,101.31
2006,1,15,381.75,101.45
2006,1,22,381.82,101.34
2006,1,29,381.82,101.19
2006,2,5,382.49,101.72
2006,2,12,382.8,101.9
2006,2,19,382.13,101.11
2006,2,26,382.33,101.17
2006,3,5,383.08,101.76
2006,3,12,383.06,101.55
2006,3,19,383.09,101.37
2006,3,26,382.62,100.65
2006,4,2,384.37,102.13
2006,4,9,384.96,102.46
2006,4,16,385.05,102.3
2006,4,23,384.94,101.97
2006,4,30,385.07,101.94
2006,5,7,385.21,101.99
2006,5,14,385.51,102.27
2006,5,21,385.14,101.98
2006,5,28,384.85,101.85
2006,6,4,384.37,101.6
2006,6,11,384.46,101.99
2006,6,18,384.12,102.0
2006,6,25,383.63,101.91
2006,7,2,383.3,102.01
2006,7,9,383.01,102.19
2006,7,16,381.99,101.64
2006,7,23,382.3,102.46
2006,7,30,381.7,102.38
2006,8,6,380.78,101.98
2006,8,13,380.59,102.3
2006,8,20,379.98,102.17
2006,8,27,379.74,102.37
2006,9,3,378.81,101.81
2006,9,10,379.36,102.66
2006,9,17,378.86,102.35
2006,9,24,379.06,102.65
2006,10,1,379.11,102.7
2006,10,8,379.09,102.58
2006,10,15,379.12,102.44
2006,10,22,379.67,102.75
2006,10,29,379.84,102.63
2006,11,5,379.96,102.44
2006,11,12,380.19,102.35
2006,11,19,380.57,102.41
2006,11,26,381.44,102.96
2006,12,3,381.67,102.9
2006,12,10,381.9,102.84
2006,12,17,382.39,103.05
2006,12,24,382.18,102.58
2006,12,31,382.29,102.53
2007,1,7,383.14,103.13
2007,1,14,382.65,102.41
2007,1,21,383.77,103.31
2007,1,28,383.88,103.24
2007,2,4,383.48,102.67
2007,2,11,385.03,104.06
2007,2,18,384.93,103.83
2007,2,25,384.22,102.99
2007,3,4,383.62,102.24
2007,3,11,384.55,103.0
2007,3,18,385.29,103.53
2007,3,25,386.08,104.08
2007,4,1,386.07,103.8
2007,4,8,385.93,103.38
2007,4,15,387.51,104.69
2007,4,22,387.18,104.13
2007,4,29,386.82,103.6
2007,5,6,386.46,103.13
2007,5,13,386.88,103.55
2007,5,20,386.74,103.5
2007,5,27,387.14,104.08
2007,6,3,387.13,104.32
2007,6,10,386.65,104.18
2007,6,17,385.93,103.83
2007,6,24,385.27,103.58
2007,7,1,385.61,104.36
2007,7,8,385.35,104.55
2007,7,15,384.32,103.98
2007,7,22,384.03,104.18
2007,7,29,383.11,103.76
2007,8,5,382.7,103.85
2007,8,12,382.11,103.77
2007,8,19,382.33,104.47
2007,8,26,381.86,104.45
2007,9,2,381.76,104.75
2007,9,9,380.88,104.19
2007,9,16,381.03,104.57
2007,9,23,380.91,104.56
2007,9,30,381.12,104.77
2007,10,7,381.19,104.74
2007,10,14,381.27,104.65
2007,10,21,381.59,104.71
2007,10,28,382.0,104.83
2007,11,4,382.26,104.78
2007,11,11,382.46,104.65
2007,11,18,383.29,105.17
2007,11,25,383.12,104.71
2007,12,2,383.91,105.22
2007,12,9,383.95,104.99
2007,12,16,384.63,105.41
2007,12,23,384.18,104.7
2007,12,30,385.02,105.24
2008,1,6,384.67,104.62
2008,1,13,386.05,105.8
2008,1,20,386.25,105.8
2008,1,27,387.02,106.41
2008,2,3,386.25,105.49
2008,2,10,386.2,105.31
2008,2,17,385.54,104.51
2008,2,24,385.62,104.46
2008,3,2,386.06,104.77
2008,3,9,385.95,104.5
2008,3,16,386.08,104.43
2008,3,23,386.97,105.09
2008,3,30,388.31,106.19
2008,4,6,386.98,104.6
2008,4,13,386.72,104.09
2008,4,20,387.58,104.72
2008,4,27,387.52,104.48
2008,5,4,388.77,105.61
2008,5,11,389.11,105.92
2008,5,18,389.13,105.99
2008,5,25,388.82,105.8
2008,6,1,388.76,105.94
2008,6,8,387.74,105.19
2008,6,15,388.11,105.89
2008,6,22,387.53,105.69
2008,6,29,,-999.99
2008,7,6,,-999.99
2008,7,13,,-999.99
2008,7,20,386.61,106.57
2008,7,27,385.14,105.61
2008,8,3,385.46,106.44
2008,8,10,384.17,105.66
2008,8,17,383.91,105.89
2008,8,24,383.52,105.95
2008,8,31,383.73,106.56
2008,9,7,383.27,106.42
2008,9,14,383.6,106.99
2008,9,21,383.28,106.81
2008,9,28,382.97,106.53
2008,10,5,383.1,106.6
2008,10,12,383.07,106.43
2008,10,19,383.29,106.43
2008,10,26,384.21,107.08
2008,11,2,384.01,106.58
2008,11,9,384.33,106.6
2008,11,16,384.57,106.52
2008,11,23,384.72,106.36
2008,11,30,385.28,106.62
2008,12,7,385.52,106.59
2008,12,14,385.77,106.57
2008,12,21,386.15,106.69
2008,12,28,386.46,106.75
2009,1,4,386.63,106.58
2009,1,11,387.24,106.98
2009,1,18,387.37,106.91
2009,1,25,387.74,107.13
2009,2,1,387.25,106.51
2009,2,8,387.16,106.31
2009,2,15,387.84,106.89
2009,2,22,388.45,107.39
2009,3,1,389.3,108.12
2009,3,8,389.03,107.69
2009,3,15,388.42,106.89
2009,3,22,389.51,107.75
2009,3,29,389.26,107.23
2009,4,5,389.65,107.33
2009,4,12,389.15,106.55
2009,4,19,389.78,106.93
2009,4,26,390.74,107.68
2009,5,3,389.98,106.8
2009,5,10,390.39,107.16
2009,5,17,390.6,107.42
2009,5,24,390.62,107.58
2009,5,31,390.07,107.24
2009,6,7,390.42,107.88
2009,6,14,389.64,107.42
2009,6,21,388.72,106.89
2009,6,28,388.9,107.47
2009,7,5,388.7,107.7
2009,7,12,388.57,108.03
2009,7,19,387.89,107.82
2009,7,26,387.58,108.0
2009,8,2,387.28,108.19
2009,8,9,386.22,107.64
2009,8,16,385.91,107.82
2009,8,23,385.83,108.19
2009,8,30,385.36,108.13
2009,9,6,384.89,108.0
2009,9,13,384.96,108.31
2009,9,20,384.84,108.34
2009,9,27,384.23,107.78
2009,10,4,384.08,107.58
2009,10,11,384.58,107.94
2009,10,18,384.92,108.08
2009,10,25,385.22,108.11
2009,11,1,385.58,108.18
2009,11,8,385.9,108.19
2009,11,15,386.55,108.53
2009,11,22,386.59,108.26
2009,11,29,387.28,108.65
2009,12,6,387.18,108.25
2009,12,13,387.07,107.85
2009,12,20,388.61,109.11
2009,12,27,388.8,109.04
2010,1,3,388.37,108.4
2010,1,10,388.54,108.34
2010,1,17,388.54,108.12
2010,1,24,389.21,108.62
2010,1,31,390.91,110.16
2010,2,7,390.55,109.67
2010,2,14,390.43,109.43
2010,2,21,389.79,108.69
2010,2,28,391.14,109.93
2010,3,7,391.59,110.25
2010,3,14,391.38,109.87
2010,3,21,390.5,108.78
2010,3,28,391.96,110.0
2010,4,4,391.39,109.16
2010,4,11,392.93,110.42
2010,4,18,393.53,110.76
2010,4,25,393.42,110.43
2010,5,2,393.2,110.05
2010,5,9,392.81,109.59
2010,5,16,393.64,110.43
2010,5,23,392.93,109.83
2010,5,30,393.51,110.61
2010,6,6,392.99,110.36
2010,6,13,392.1,109.8
2010,6,20,391.86,109.94
2010,6,27,391.36,109.85
2010,7,4,390.77,109.69
2010,7,11,390.06,109.43
2010,7,18,390.47,110.3
2010,7,25,390.04,110.36
2010,8,1,389.07,109.88
2010,8,8,389.02,110.34
2010,8,15,388.67,110.48
2010,8,22,387.8,110.08
2010,8,29,387.72,110.42
2010,9,5,386.32,109.39
2010,9,12,387.24,110.59
2010,9,19,386.96,110.48
2010,9,26,386.97,110.56
2010,10,3,387.14,110.7
2010,10,10,387.02,110.45
2010,10,17,387.62,110.84
2010,10,24,388.02,110.98
2010,10,31,388.24,110.9
2010,11,7,388.25,110.59
2010,11,14,388.82,110.84
2010,11,21,389.69,111.39
2010,11,28,389.86,111.27
2010,12,5,389.97,111.09
2010,12,12,389.64,110.48
2010,12,19,390.34,110.91
2010,12,26,390.13,110.45
2011,1,2,391.74,111.76
2011,1,9,390.96,110.76
2011,1,16,391.7,111.3
2011,1,23,391.56,111.0
2011,1,30,392.26,111.55
2011,2,6,391.63,110.8
2011,2,13,391.84,110.9
2011,2,20,392.24,111.19
2011,2,27,392.26,111.08
2011,3,6,392.07,110.75
2011,3,13,392.69,111.18
2011,3,20,393.09,111.36
2011,3,27,394.21,112.23
2011,4,3,393.19,110.93
2011,4,10,393.28,110.74
2011,4,17,393.73,110.93
2011,4,24,393.5,110.48
2011,5,1,394.33,111.16
2011,5,8,393.08,109.83
2011,5,15,395.1,111.86
2011,5,22,395.29,112.15
2011,5,29,394.41,111.45
2011,6,5,393.7,111.0
2011,6,12,394.0,111.62
2011,6,19,393.75,111.73
2011,6,26,393.65,112.05
2011,7,3,393.71,112.54
2011,7,10,393.49,112.78
2011,7,17,391.52,111.29
2011,7,24,392.19,112.45
2011,7,31,391.4,112.17
2011,8,7,390.8,112.09
2011,8,14,390.34,112.14
2011,8,21,389.59,111.87
2011,8,28,389.7,112.41
2011,9,4,389.24,112.32
2011,9,11,389.35,112.71
2011,9,18,389.29,112.84
2011,9,25,388.87,112.51
2011,10,2,388.98,112.59
2011,10,9,389.01,112.51
2011,10,16,389.23,112.54
2011,10,23,389.44,112.5
2011,10,30,389.81,112.56
2011,11,6,389.97,112.4
2011,11,13,390.66,112.75
2011,11,20,390.7,112.47
2011,11,27,391.34,112.79
2011,12,4,391.56,112.7
2011,12,11,392.21,113.06
2011,12,18,392.65,113.22
2011,12,25,392.4,112.7
2012,1,1,393.15,113.17
2012,1,8,393.57,113.41
2012,1,15,393.17,112.86
2012,1,22,393.53,113.08
2012,1,29,393.43,112.85
2012,2,5,393.9,113.2
2012,2,12,393.68,112.84
2012,2,19,394.61,113.62
2012,2,26,394.45,113.29
2012,3,4,393.73,112.41
2012,3,11,394.46,112.92
2012,3,18,394.98,113.19
2012,3,25,395.32,113.26
2012,4,1,395.51,113.17
2012,4,8,396.81,114.18
2012,4,15,396.35,113.47
2012,4,22,396.8,113.72
2012,4,29,397.11,113.88
2012,5,6,397.32,114.02
2012,5,13,397.18,113.9
2012,5,20,396.31,113.13
2012,5,27,396.48,113.48
2012,6,3,395.93,113.18
2012,6,10,396.43,114.0
2012,6,17,395.77,113.7
2012,6,24,395.45,113.79
2012,7,1,395.15,113.93
2012,7,8,394.56,113.8
2012,7,15,394.66,114.37
2012,7,22,394.28,114.49
2012,7,29,393.62,114.35
2012,8,5,393.43,114.67
2012,8,12,392.71,114.45
2012,8,19,391.57,113.81
2012,8,26,391.99,114.67
2012,9,2,392.06,115.13
2012,9,9,391.1,114.48
2012,9,16,390.99,114.58
2012,9,23,391.09,114.79
2012,9,30,391.02,114.73
2012,10,7,391.18,114.79
2012,10,14,391.12,114.53
2012,10,21,391.56,114.71
2012,10,28,391.78,114.61
2012,11,4,392.52,114.99
2012,11,11,393.48,115.59
2012,11,18,393.39,115.13
2012,11,25,393.93,115.32
2012,12,2,393.88,114.96
2012,12,9,394.62,115.4
2012,12,16,394.75,115.28
2012,12,23,395.06,115.36
2012,12,30,394.72,114.89
2013,1,6,395.6,115.58
2013,1,13,396.21,116.04
2013,1,20,396.01,115.69
2013,1,27,395.99,115.54
2013,2,3,396.86,116.28
2013,2,10,397.2,116.5
2013,2,17,397.37,116.53
2013,2,24,396.96,115.95
2013,3,3,397.88,116.67
2013,3,10,397.17,115.73
2013,3,17,397.58,115.86
2013,3,24,398.19,116.16
2013,3,31,398.3,115.96
2013,4,7,398.0,115.33
2013,4,14,398.19,115.23
2013,4,21,399.44,116.23
2013,4,28,399.76,116.38
2013,5,5,399.75,116.28
2013,5,12,399.98,116.51
2013,5,19,400.17,116.8
2013,5,26,400.12,116.94
2013,6,2,399.4,116.49
2013,6,9,398.8,116.22
2013,6,16,398.33,116.14
2013,6,23,398.84,117.06
2013,6,30,398.43,117.1
2013,7,7,397.93,117.08
2013,7,14,397.27,116.91
2013,7,21,397.01,117.16
2013,7,28,396.87,117.55
2013,8,4,395.86,117.08
2013,8,11,395.32,117.07
2013,8,18,395.34,117.6
2013,8,25,394.42,117.14
2013,9,1,394.05,117.18
2013,9,8,393.59,117.03
2013,9,15,393.73,117.39
2013,9,22,393.58,117.34
2013,9,29,393.52,117.27
2013,10,6,393.55,117.18
2013,10,13,393.88,117.31
2013,10,20,394.19,117.34
2013,10,27,394.44,117.26
2013,11,3,394.67,117.14
2013,11,10,395.73,117.84
2013,11,17,395.07,116.83
2013,11,24,396.2,117.64
2013,12,1,396.46,117.6
2013,12,8,396.33,117.19
2013,12,15,397.61,118.23
2013,12,22,397.46,117.85
2013,12,29,397.6,117.68
2014,1,5,398.41,118.29
2014,1,12,397.93,117.65
2014,1,19,398.15,117.74
2014,1,26,398.02,117.5
2014,2,2,398.16,117.54
2014,2,9,398.06,117.35
2014,2,16,398.27,117.46
2014,2,23,398.47,117.52
2014,3,2,398.64,117.5
2014,3,9,400.07,118.71
2014,3,16,401.36,119.72
2014,3,23,400.3,118.35
2014,3,30,400.8,118.51
2014,4,6,401.29,118.67
2014,4,13,401.72,118.78
2014,4,20,401.77,118.57
2014,4,27,401.92,118.53
2014,5,4,401.9,118.41
2014,5,11,401.91,118.42
2014,5,18,401.93,118.53
2014,5,25,402.0,118.77
2014,6,1,401.99,119.03
2014,6,8,401.68,119.04
2014,6,15,401.21,118.94
2014,6,22,401.12,119.26
2014,6,29,400.4,118.97
2014,7,6,400.0,119.05
2014,7,13,398.98,118.51
2014,7,20,398.97,119.02
2014,7,27,397.58,118.17
2014,8,3,397.94,119.07
2014,8,10,397.38,119.06
2014,8,17,397.03,119.23
2014,8,24,396.38,119.06
2014,8,31,396.5,119.61
2014,9,7,395.19,118.63
2014,9,14,395.26,118.93
2014,9,21,395.6,119.41
2014,9,28,395.47,119.29
2014,10,5,395.72,119.45
2014,10,12,395.79,119.34
2014,10,19,396.0,119.29
2014,10,26,397.6,120.57
2014,11,2,396.9,119.53
2014,11,9,397.33,119.59
2014,11,16,397.43,119.33
2014,11,23,398.02,119.56
2014,11,30,398.34,119.55
2014,12,7,399.28,120.17
2014,12,14,399.28,119.87
2014,12,21,399.11,119.44
2014,12,28,400.03,120.14
2015,1,4,400.05,119.98
2015,1,11,400.36,120.14
2015,1,18,399.7,119.35
2015,1,25,400.39,119.92
2015,2,1,400.44,119.86
2015,2,8,400.14,119.46
2015,2,15,400.11,119.32
2015,2,22,401.53,120.61
2015,3,1,401.48,120.39
2015,3,8,402.23,120.93
2015,3,15,400.97,119.41
2015,3,22,401.97,120.1
2015,3,29,402.0,119.8
2015,4,5,403.39,120.85
2015,4,12,404.23,121.35
2015,4,19,403.27,120.09
2015,4,26,403.99,120.6
2015,5,3,404.33,120.8
2015,5,10,404.16,120.6
2015,5,17,404.16,120.67
2015,5,24,403.99,120.68
2015,5,31,403.37,120.33
2015,6,7,403.41,120.7
2015,6,14,402.56,120.24
2015,6,21,402.88,121.0
2015,6,28,402.33,120.91
2015,7,5,401.9,120.96
2015,7,12,401.57,121.12
2015,7,19,401.43,121.49
2015,7,26,400.38,120.95
2015,8,2,398.54,119.64
2015,8,9,399.37,121.01
2015,8,16,399.32,121.48
2015,8,23,399.04,121.68
2015,8,30,398.68,121.76
2015,9,6,397.96,121.39
2015,9,13,397.43,121.12
2015,9,20,397.52,121.36
2015,9,27,397.41,121.27
2015,10,4,398.56,122.32
2015,10,11,398.37,121.94
2015,10,18,398.71,122.0
2015,10,25,398.68,121.63
2015,11,1,399.26,121.84
2015,11,8,400.22,122.41
2015,11,15,400.55,122.36
2015,11,22,400.58,122.03
2015,11,29,401.0,122.14
2015,12,6,401.52,122.36
2015,12,13,402.55,123.13
2015,12,20,402.81,123.16
2015,12,27,402.28,122.42
2016,1,3,402.32,122.28
2016,1,10,402.65,122.42
2016,1,17,402.78,122.39
2016,1,24,403.33,122.78
2016,1,31,404.75,124.08
2016,2,7,403.98,123.2
2016,2,14,403.85,122.96
2016,2,21,404.59,123.59
2016,2,28,404.24,123.1
2016,3,6,404.18,122.89
2016,3,13,404.97,123.47
2016,3,20,405.85,124.09
2016,3,27,405.64,123.58
2016,4,3,406.78,124.39
2016,4,10,408.91,126.18
2016,4,17,407.64,124.58
2016,4,24,407.9,124.57
2016,5,1,407.73,124.21
2016,5,8,408.05,124.44
2016,5,15,407.49,123.89
2016,5,22,408.51,125.04
2016,5,29,407.64,124.41
2016,6,5,407.04,124.14
2016,6,12,407.39,124.88
2016,6,19,406.85,124.8
2016,6,26,406.17,124.6
2016,7,3,405.75,124.68
2016,7,10,404.68,124.14
2016,7,17,403.59,123.57
2016,7,24,404.04,124.55
2016,7,31,403.68,124.71
2016,8,7,403.08,124.64
2016,8,14,402.05,124.13
2016,8,21,402.11,124.67
2016,8,28,401.16,124.16
2016,9,4,401.18,124.55
2016,9,11,401.47,125.12
2016,9,18,401.08,124.9
2016,9,25,400.94,124.81
2016,10,2,401.13,124.94
2016,10,9,401.78,125.42
2016,10,16,401.86,125.24
2016,10,23,402.35,125.41
2016,10,30,403.0,125.7
2016,11,6,403.0,125.32
2016,11,13,403.79,125.74
2016,11,20,404.19,125.8
2016,11,27,404.75,126.04
2016,12,4,404.09,125.08
2016,12,11,405.03,125.75
2016,12,18,404.62,125.1
2016,12,25,404.96,125.21
2017,1,1,406.14,126.12
2017,1,8,406.2,125.99
2017,1,15,406.41,126.03
2017,1,22,406.71,126.19
2017,1,29,406.43,125.79
2017,2,5,406.26,125.52
2017,2,12,406.14,125.31
2017,2,19,407.17,126.24
2017,2,26,407.6,126.55
2017,3,5,406.34,125.13
2017,3,12,407.77,126.35
2017,3,19,407.02,125.34
2017,3,26,408.6,126.61
2017,4,2,407.84,125.51
2017,4,9,409.03,126.36
2017,4,16,409.84,126.84
2017,4,23,410.16,126.87
2017,4,30,409.39,125.89
2017,5,7,409.52,125.9
2017,5,14,410.6,126.98
2017,5,21,410.2,126.69
2017,5,28,409.77,126.48
2017,6,4,409.89,126.91
2017,6,11,409.63,127.04
2017,6,18,408.51,126.36
2017,6,25,407.95,126.28
2017,7,2,408.28,127.12
2017,7,9,407.26,126.62
2017,7,16,407.01,126.91
2017,7,23,406.93,127.36
2017,7,30,406.66,127.64
2017,8,6,405.73,127.24
2017,8,13,405.39,127.42
2017,8,20,404.74,127.24
2017,8,27,404.39,127.33
2017,9,3,403.89,127.19
2017,9,10,403.87,127.46
2017,9,17,403.25,127.01
2017,9,24,402.95,126.78
2017,10,1,403.14,126.93
2017,10,8,403.61,127.26
2017,10,15,404.14,127.56
2017,10,22,404.19,127.32
2017,10,29,404.34,127.13
2017,11,5,404.44,126.87
2017,11,12,405.26,127.33
2017,11,19,406.31,128.02
2017,11,26,406.52,127.89
2017,12,3,406.94,127.98
2017,12,10,406.74,127.49
2017,12,17,406.99,127.47
2017,12,24,407.41,127.64
2017,12,31,407.57,127.59
2018,1,7,408.33,128.13
2018,1,14,408.08,127.69
2018,1,21,408.47,127.91
2018,1,28,408.07,127.38
2018,2,4,408.4,127.6
2018,2,11,408.56,127.67
2018,2,18,408.65,127.66
2018,2,25,409.09,127.99
2018,3,4,410.03,128.8
2018,3,11,408.91,127.5
2018,3,18,409.32,127.68
2018,3,25,410.22,128.3
2018,4,1,409.39,127.15
2018,4,8,409.65,127.08
2018,4,15,411.25,128.36
2018,4,22,411.88,128.7
2018,4,29,409.86,126.46
2018,5,6,411.25,127.72
2018,5,13,412.07,128.5
2018,5,20,411.65,128.17
2018,5,27,411.61,128.32
2018,6,3,411.14,128.13
2018,6,10,411.36,128.72
2018,6,17,410.56,128.34
2018,6,24,410.76,129.02
2018,7,1,409.6,128.37
2018,7,8,409.35,128.64
2018,7,15,408.74,128.57
2018,7,22,408.48,128.85
2018,7,29,407.65,128.57
2018,8,5,407.42,128.87
2018,8,12,407.26,129.23
2018,8,19,407.03,129.49
2018,8,26,406.3,129.19
2018,9,2,405.68,128.94
2018,9,9,405.58,129.12
2018,9,16,405.88,129.6
2018,9,23,405.73,129.53
2018,9,30,405.69,129.45
2018,10,7,405.77,129.4
2018,10,14,406.2,129.61
2018,10,21,406.81,129.93
2018,10,28,406.67,129.47
2018,11,4,407.18,129.64
2018,11,11,408.94,131.05
2018,11,18,408.78,130.54
2018,11,25,408.58,130.01
2018,12,2,408.69,129.81
2018,12,9,409.6,130.43
2018,12,16,409.51,130.06
2018,12,23,409.33,129.62
2018,12,30,409.8,129.87
2019,1,6,410.86,130.7
2019,1,13,410.55,130.17
2019,1,20,412.19,131.62
2019,1,27,411.23,130.49
2019,2,3,411.83,130.96
2019,2,10,412.63,131.66
2019,2,17,411.19,130.14
2019,2,24,412.62,131.48
2019,3,3,412.37,131.14
2019,3,10,412.37,131.02
2019,3,17,412.02,130.5
2019,3,24,411.53,129.78
2019,3,31,412.4,130.38
2019,4,7,413.35,131.02
2019,4,14,413.82,131.16
2019,4,21,413.99,131.02
2019,4,28,414.52,131.29
2019,5,5,414.54,131.13
2019,5,12,415.62,132.12
2019,5,19,414.97,131.5
2019,5,26,414.52,131.19
2019,6,2,414.62,131.54
2019,6,9,414.31,131.58
2019,6,16,414.09,131.78
2019,6,23,413.64,131.8
2019,6,30,413.66,132.33
2019,7,7,412.32,131.51
2019,7,14,412.38,132.1
2019,7,21,411.08,131.34
2019,7,28,410.29,131.09
2019,8,4,410.56,131.87
2019,8,11,410.5,132.32
2019,8,18,409.8,132.1
2019,8,25,409.68,132.42
2019,9,1,409.07,132.18
2019,9,8,408.84,132.26
2019,9,15,408.63,132.25
2019,9,22,408.55,132.27
2019,9,29,408.2,131.92
2019,10,6,408.61,132.23
2019,10,13,408.85,132.27
2019,10,20,408.95,132.11
2019,10,27,409.52,132.36
2019,11,3,410.13,132.64
2019,11,10,410.42,132.58
2019,11,17,410.41,132.23
2019,11,24,410.95,132.44
2019,12,1,411.29,132.48
2019,12,8,411.55,132.45
2019,12,15,412.11,132.74
2019,12,22,412.43,132.8
2019,12,29,413.21,133.3
2020,1,5,413.6,133.43
2020,1,12,413.02,132.64
2020,1,19,413.87,133.31
2020,1,26,414.26,133.54
2020,2,2,414.53,133.69
2020,2,9,414.63,133.7
2020,2,16,414.29,133.27
2020,2,23,413.95,132.85
2020,3,1,414.09,132.9
2020,3,8,414.34,133.02
2020,3,15,414.51,133.0
2020,3,22,415.76,134.02
2020,3,29,415.98,133.96
2020,4,5,416.68,134.34
2020,4,12,416.51,133.83
2020,4,19,416.12,133.13
2020,4,26,417.05,133.8
2020,5,3,417.06,133.63
2020,5,10,417.03,133.5
2020,5,17,417.21,133.71
2020,5,24,417.67,134.31
2020,5,31,417.44,134.33
2020,6,7,416.58,133.81
2020,6,14,416.44,134.09
2020,6,21,416.29,134.39
2020,6,28,415.67,134.27
2020,7,5,415.47,134.59
2020,7,12,414.76,134.4
2020,7,19,414.11,134.28
2020,7,26,413.48,134.18
2020,8,2,413.4,134.62
2020,8,9,412.97,134.7
2020,8,16,412.62,134.83
2020,8,23,412.19,134.85
2020,8,30,411.82,134.88
2020,9,6,411.6,134.98
2020,9,13,411.7,135.31
2020,9,20,411.23,134.97
2020,9,27,411.29,135.05
2020,10,4,411.28,134.96
2020,10,11,411.34,134.83
2020,10,18,411.75,134.98
2020,10,25,411.71,134.63
2020,11,1,411.99,134.56
2020,11,8,413.01,135.23
2020,11,15,412.76,134.64
2020,11,22,414.07,135.62
2020,11,29,413.97,135.2
2020,12,6,413.63,134.57
2020,12,13,414.15,134.82
2020,12,20,414.84,135.24
2020,12,27,415.33,135.49
2021,1,3,415.38,135.3
2021,1,10,415.07,134.77
2021,1,17,415.42,134.93
2021,1,24,416.01,135.35
2021,1,31,417.12,136.33
2021,2,7,416.92,136.02
2021,2,14,416.51,135.53
2021,2,21,416.31,135.24
2021,2,28,417.97,136.81
2021,3,7,416.94,135.66
2021,3,14,417.79,136.33
2021,3,21,417.72,136.04
2021,3,28,418.03,136.08
2021,4,4,419.28,137.02
2021,4,11,418.96,136.37
2021,4,18,418.2,135.29
2021,4,25,420.01,136.82
2021,5,2,419.53,136.13
2021,5,9,418.48,134.97
2021,5,16,419.09,135.57
2021,5,23,418.93,135.52
2021,5,30,419.55,136.37
2021,6,6,419.47,136.61
2021,6,13,419.06,136.61
2021,6,20,418.33,136.33
2021,6,27,418.08,136.57
2021,7,4,417.47,136.47
2021,7,11,417.51,137.04
2021,7,18,416.74,136.8
2021,7,25,415.62,136.21
2021,8,1,415.0,136.11
2021,8,8,414.55,136.17
2021,8,15,414.91,137.03
2021,8,22,413.9,136.48
2021,8,29,413.23,136.22
2021,9,5,413.36,136.69
2021,9,12,413.09,136.68
2021,9,19,413.3,137.03
2021,9,26,413.37,137.14
2021,10,3,413.63,137.33
2021,10,10,413.89,137.42
2021,10,17,414.36,137.64
2021,10,24,413.9,136.87
2021,10,31,414.17,136.8
2021,11,7,414.97,137.25
2021,11,14,414.88,136.81
2021,11,21,415.36,136.95
2021,11,28,416.16,137.44
2021,12,5,415.86,136.85
2021,12,12,416.45,137.15
2021,12,19,417.49,137.93
2021,12,26,417.46,137.65
2022,1,2,417.43,137.38
2022,1,9,418.33,138.06
2022,1,16,417.62,137.16
2022,1,23,419.13,138.5
2022,1,30,419.19,138.42
2022,2,6,418.38,137.5
2022,2,13,419.76,138.79
2022,2,20,419.62,138.57
2022,2,27,419.2,138.06
2022,3,6,418.51,137.25
2022,3,13,418.35,136.92
2022,3,20,418.18,136.54
2022,3,27,420.37,138.46
2022,4,3,420.19,137.98
2022,4,10,420.16,137.62
2022,4,17,420.35,137.49
2022,4,24,420.19,137.04
2022,5,1,420.18,136.81
2022,5,8,421.13,137.62
2022,5,15,420.97,137.44
2022,5,22,421.45,138.03
2022,5,29,421.63,138.42
2022,6,5,421.3,138.39
2022,6,12,421.03,138.51
2022,6,19,420.87,138.8
2022,6,26,420.31,138.73
2022,7,3,419.73,138.67
2022,7,10,419.08,138.54
2022,7,17,418.43,138.42
2022,7,24,417.84,138.36
2022,7,31,418.19,139.23
2022,8,7,417.34,138.89
2022,8,14,417.26,139.31
2022,8,21,416.56,139.08
2022,8,28,416.54,139.48
2022,9,4,416.33,139.62
2022,9,11,416.05,139.6
2022,9,18,415.57,139.28
2022,9,25,415.57,139.34
2022,10,2,415.26,138.98
2022,10,9,415.51,139.07
2022,10,16,415.88,139.2
2022,10,23,416.3,139.32
2022,10,30,416.43,139.11
2022,11,6,417.18,139.51
2022,11,13,417.29,139.27
2022,11,20,418.53,140.17
2022,11,27,417.74,139.06
2022,12,4,419.04,140.07
2022,12,11,418.75,139.49
2022,12,18,419.11,139.59
2022,12,25,419.4,139.62
2023,1,1,419.31,139.3
2023,1,8,419.57,139.33
2023,1,15,419.15,138.71
2023,1,22,419.73,139.11
2023,1,29,419.84,139.08
2023,2,5,420.26,139.39
2023,2,12,420.82,139.86
2023,2,19,419.94,138.9
2023,2,26,421.91,140.78
2023,3,5,421.1,139.86
2023,3,12,420.16,138.76
2023,3,19,420.79,139.18
2023,3,26,421.56,139.7
2023,4,2,422.54,140.37
2023,4,9,422.88,140.39
2023,4,16,423.65,140.83
2023,4,23,424.04,140.92
2023,4,30,423.96,140.61
2023,5,7,424.29,140.79
2023,5,14,423.5,139.98
